JUPAS Catalogue No.,Institution / Scheme,Funding Category,Programme Short Name,Programme Full Title,chinese_name,url
JS1000,CityUHK,UGC-funded,BScCFFT,BSc Computational Finance and Financial Technology (streams: Computational Finance / Financial Technology),理學士(計算金融及金融科技) (專修：計算金融 / 金融科技),/en/programme/cityuhk/JS1000
JS1001,CityUHK,UGC-funded,BBAGBU,BBA Global Business (Features: 3 Exchanges/Joint Bachelor’s Degree Program with Columbia University (US)/Overseas Summer School & Study Tour/Business Consultancy Project/Scholarship and Sponsorship),工商管理學士(環球商業) (特點: 三次海外交流 / 美國哥倫比亞大學雙聯學士學位 / 海外暑期及遊學課程 / 商業諮詢課程 / 獎學金及資助),/en/programme/cityuhk/JS1001
JS1002,CityUHK,UGC-funded,BBAAC,BBA Accountancy (Streams: Professional Accounting / ESG and Tech),工商管理學士(會計) (專修: 專業會計 / 環境，社會，治理和科技),/en/programme/cityuhk/JS1002
JS1005,CityUHK,UGC-funded,BBAMGMT,BBA Management (Streams: Human Resources Management / Strategy and International Management),工商管理學士 (管理學) (專修 : 人力資源管理 / 策略及國際管理 ),/en/programme/cityuhk/JS1005
JS1007,CityUHK,UGC-funded,BBAMKT,BBA Marketing (Streams: Global Marketing / Marketing Analytics),工商管理學士(市場學) (專修: 環球市場營銷 / 營銷數據分析),/en/programme/cityuhk/JS1007
JS1012,CityUHK,UGC-funded,EF,Economics and Finance (Majors: BBA Business Economics / BBA Finance),經濟及金融 [主修: 工商管理學士(商業經濟) / 工商管理學士(金融)],/en/programme/cityuhk/JS1012
JS1013,CityUHK,UGC-funded,BBABE,BBA Business Economics (Features: Economic Theory / International Economics / Economic and Business Forecasting / Quantitative Analysis),工商管理學士(商業經濟) (特點: 經濟理論 / 國際經濟 / 經濟與商業預測 / 定量分析),/en/programme/cityuhk/JS1013
JS1014,CityUHK,UGC-funded,BBAFIN,BBA Finance (Features: Investment Analysis / Financial Markets / Corporate Finance / Risk Management / Trading Room Workshop),工商管理學士(金融) (特點: 投資分析 / 金融市場 / 公司金融/ 風險管理 / 交易室工作坊),/en/programme/cityuhk/JS1014
JS1017,CityUHK,UGC-funded,IIS,Intelligent Information Systems [Majors: BBA Global Business Systems Management / BBA Artificial Intelligence in Business],智能資訊系統學 [主修: 工商管理學士(環球商業系統管理) 、工商管理學士(商業人工智能)],/en/programme/cityuhk/JS1017
JS1018,CityUHK,UGC-funded,BBAGBSM,BBA Global Business Systems Management (Features: Intelligent Technologies / Global Business / Study Exchange),工商管理學士(環球商業系統管理) (特點: 智能科技 / 環球商業 / 海外及内地交流),/en/programme/cityuhk/JS1018
JS1019,CityUHK,UGC-funded,BBAAIB,BBA Artificial Intelligence in Business (Streams: Business Intelligence / Information Systems Auditing / Internet Services and Social Networks / Data Informatics),工商管理學士 (商業人工智能) (專修: 商務智能 / 信息系統審計 / 互聯網服務及社交網絡 / 數據信息學),/en/programme/cityuhk/JS1019
JS1026,CityUHK,UGC-funded,BBABDAN,BBA Business Decision Analytics (Streams: Decision Analytics / Data Informatics),工商管理學士(商業決策分析) (專修: 決策分析學 / 數據信息學),/en/programme/cityuhk/JS1026
JS1027,CityUHK,UGC-funded,BBAGOM,BBA Global Operations Management (Features: Supply Chain Management / Operations Efficiency / Process Improvement / Operations Analytics / Resource Planning),工商管理學士(環球營運管理) (特點: 供應鏈管理 / 營運效率 / 流程改善 / 營運分析 / 資源規劃),/en/programme/cityuhk/JS1027
JS1040,CityUHK,UGC-funded,CREATE,Creative Arts and Technology Excellence (CREATE) (Options: Creative Media (School-based)/ BA Creative Media / BSc Creative Media / BAS New Media),卓越創藝與科技課程 [選項: 創意媒體(校本課程)、 文學士(創意媒體)、理學士(創意媒體)、文理學士(新媒體)],/en/programme/cityuhk/JS1040
JS1041,CityUHK,UGC-funded,SCM,Creative Media (Majors: BA Creative Media / BSc Creative Media / BAS New Media),創意媒體 [主修: 文學士(創意媒體) / 理學士(創意媒體) / 文理學士(新媒體)],/en/programme/cityuhk/JS1041
JS1042,CityUHK,UGC-funded,BACM,BA Creative Media (Features: Animation / Cinema & Photography / Critical Theory & Practices / Game & Playable Media / New Media Art / Sound Art),文學士(創意媒體) (特點: 動畫 / 電影及攝影 / 批判理論及實踐 / 遊戲及可玩媒體 / 新媒體藝術 / 聲音藝術),/en/programme/cityuhk/JS1042
JS1043,CityUHK,UGC-funded,BScCM,BSc Creative Media (Features: Combination of Creative Media and Computer Science Courses / Animation / Games / Installation / Interactivity),理學士(創意媒體) (特點: 結合創意媒體及電腦科學課程 / 動畫 / 遊戲 / 裝置藝術 / 互動媒體),/en/programme/cityuhk/JS1043
JS1044,CityUHK,UGC-funded,BAS,BAS New Media (Features: Media Art / Robotics & AI / Art & Technology / Materials & Digital Fabrication),文理學士(新媒體) (特點: 媒體藝術 / 機械人學及人工智能 / 藝術及科技 / 物料及數位製造),/en/programme/cityuhk/JS1044
JS1050,CityUHK,UGC-funded,INSPIRE,"International Sustainability Programme for Innovation, Research & Entrepreneurship(INSPIRE) (Majors: BEng Energy Science & Engineering/BEng Environmental Science & Engineering +Features: Global Focus)",環球可持續發展科創課程 [主修: 工學士(能源科學及工程學) / 工學士(環境科學及工程學)＋特點：環球視野],/en/programme/cityuhk/JS1050
JS1051,CityUHK,UGC-funded,SEE,Energy and Environment (Majors: BEng Energy Science and Engineering / BEng Environmental Science and Engineering),能源及環境學 [主修: 工學士(能源科學及工程學) / 工學士(環境科學及工程學)],/en/programme/cityuhk/JS1051
JS1052,CityUHK,UGC-funded,BEngESE&BBAFIN,"BEng Environmental Science and Engineering and BBA Finance (Double Degree; Features: Environmental, Social & Governance (ESG) / Green Finance / Environmental Technology / Interdisciplinary Education)",工學士(環境科學及工程學)與工商管理學士(金融)[雙學位；特點：環境、社會和管治 / 綠色金融 / 環保技術 / 跨學科教育],/en/programme/cityuhk/JS1052
JS1053,CityUHK,UGC-funded,BScESB,"BSc Environment and Sustainable Business (Features: Environmental Science / Business Sustainability / Environmental, Social & Governance (ESG))",理學士(環境及可持續發展商業) [特點：環境科學 / 商業可持續發展 / 環境、社會和管治],/en/programme/cityuhk/JS1053
JS1061,CityUHK,UGC-funded,LLB,Bachelor of Laws,法律學學士,/en/programme/cityuhk/JS1061
JS1062,CityUHK,UGC-funded,LLB&BBAAC,Bachelor of Laws and BBA Accountancy (Double Degree),法律學學士與工商管理學士(會計) (雙學位),/en/programme/cityuhk/JS1062
JS1070,CityUHK,UGC-funded,ACT,"AI, Computing and Transformation (ACT) (Features: Free Choice of Major / One-to-One Advisor / Elite Work Placement / Executive Mentor Scheme / Premium Overseas Exchange / Internship Exchange)",人工智能 ･ 計算 ･ 突破課程(特點: 自由選擇學院專業學科 / 一對一專業導師 / 精英學生實習培訓 / 專業導師指導計劃 / 頂尖海外大學交流),/en/programme/cityuhk/JS1070
JS1071,CityUHK,UGC-funded,DS,Data Science (Majors: BSc Data Science / BSc Data and Systems Engineering),數據科學 [主修：理學士 (數據科學) / 理學士 (數據與系統工程)],/en/programme/cityuhk/JS1071
JS1072,CityUHK,UGC-funded,BScDSC,BSc Data Science (Features: Data Science / Machine Learning / Data Mining / Big Data Analysis),理學士(數據科學) (特點: 數據科學 / 機器學習 / 數據挖掘 / 大數據分析),/en/programme/cityuhk/JS1072
JS1074,CityUHK,UGC-funded,BScDSE,BSc Data and Systems Engineering (Features: Data Science / FinTech & Decision Analytics / Industrial AI / Smart City),理學士(數據與系統工程) (特點: 數據科學 / 金融科技 / 工業人工智能 / 智慧城市),/en/programme/cityuhk/JS1074
JS1102,CityUHK,UGC-funded,BSocScIRGA,BSocSc International Relations and Global Affairs (Streams: Asian Studies / International Studies / Development Studies),社會科學學士(國際關係及全球事務) (專修: 亞洲研究 / 國際研究 / 發展研究),/en/programme/cityuhk/JS1102
JS1103,CityUHK,UGC-funded,BACHIS,BA Chinese and History (Streams: Chinese / History and Cultural Heritage),文學士(中文及歷史) (專修: 中文 / 歷史及文化遺產),/en/programme/cityuhk/JS1103
JS1104,CityUHK,UGC-funded,BAEN,BA English (Streams: English and Professional Communication / Language and Literature),文學士(英語語言) (專修: 英語及專業傳意 / 語言及文學),/en/programme/cityuhk/JS1104
JS1106,CityUHK,UGC-funded,COM,Media and Communication (Majors: BA Digital Television and Broadcasting / BA Media and Communication),媒體與傳播 [主修: 文學士(數碼電視與廣播) / 文學士(媒體與傳播)],/en/programme/cityuhk/JS1106
JS1108,CityUHK,UGC-funded,BSocScPAFM,BSocSc Public Affairs and Management (Streams: Public Affairs and Governance / Public Policy and Management),社會科學學士(公共事務與管理) (專修: 公共事務與管治 / 公共政策與管理),/en/programme/cityuhk/JS1108
JS1109,CityUHK,UGC-funded,BALLA,BA Linguistics and Language Applications (Features: General Linguistics / Computational Linguistics / Corpus Linguistics / Experimental Linguistics / Language Technology and Applications),文學士(語言學及語言應用) (特點: 普通語言學 / 計算語言學 / 語料庫語言學 / 實驗語言學 / 語言技術及應用),/en/programme/cityuhk/JS1109
JS1111,CityUHK,UGC-funded,BSocScCRSO,BSocSc Crime Science (Features: Crime Prevention / Security Practice / Global Policing / Crime Analytics / Cyber and Future Crimes),社會科學學士 (犯罪科學) (特點: 犯罪預防 / 安保實務 / 全球警政 / 犯罪分析 / 科網與未來犯罪),/en/programme/cityuhk/JS1111
JS1112,CityUHK,UGC-funded,BSocScPSY,BSocSc Psychology (Streams: Health and Development / Mind and Brain),社會科學學士(心理學) (專修: 健康與人類發展 / 大腦與認知),/en/programme/cityuhk/JS1112
JS1113,CityUHK,UGC-funded,BSocScSW,BSocSc Social Work (Features: Social Engagement and Concern for People’s Health and Well-Being / Human Diversities and Sustainability / People-in-Environment Interventions),社會科學學士(社會工作) (特點: 社會參與及人文關懷 – 健康與福祉 / 社會多元與持續 / 人在環境的專業介入),/en/programme/cityuhk/JS1113
JS1123,CityUHK,UGC-funded,BSocScCR&LLB,BSocSc Crime Science and Bachelor of Laws (Double Degree),社會科學學士(犯罪科學)與法律學學士 (雙學位),/en/programme/cityuhk/JS1123
JS1200,CityUHK,UGC-funded,GREAT,Global Research Enrichment and Technopreneurship (GREAT) [Majors: BSc Chemistry / BSc Computing Mathematics / BSc Physics + Global Research Enrichment and Technopreneurship (GREAT)],環球精研與科創課程 [主修：理學士 (化學) / 理學士 (計算數學) / 理學士 (物理學) ＋ 環球精研與科創],/en/programme/cityuhk/JS1200
JS1201,CityUHK,UGC-funded,ACE,Architecture and Civil Engineering (Majors: BEng Architectural Engineering / BEng Civil Engineering / BSc Architecture and Surveying),建築學及土木工程學 [主修:工學士(建築工程) / 工學士(土木工程) / 理學士(建築學及測量學)],/en/programme/cityuhk/JS1201
JS1202,CityUHK,UGC-funded,BScCHEM,BSc Chemistry (Streams: Comprehensive Chemistry / Cosmetic Chemistry / Forensic Chemistry / Global Research Enrichment and Technopreneurship (GREAT)),理學士(化學) (專修: 綜合化學 / 化妝品化學 / 鑑證化學 / 環球精研與科創),/en/programme/cityuhk/JS1202
JS1204,CityUHK,UGC-funded,BScCS,BSc Computer Science (Streams: Artificial Intelligence / Cybersecurity / Data Science / Multimedia Computing / Software Engineering and Project Management),理學士(計算機科學) (專修: 人工智能 / 網絡安全 / 數據科學 / 多媒體計算 / 軟件工程與項目管理),/en/programme/cityuhk/JS1204
JS1205,CityUHK,UGC-funded,EE,Electrical Engineering (Majors: BEng Computer and Data Engineering / BEng Electronic and Electrical Engineering / BEng Information Engineering / BEng Microelectronics Engineering),電機工程學 [主修: 工學士(電子計算機及數據工程學) ／工學士(電子及電機工程學) ／ 工學士(資訊工程學) ／ 工學士(微電子工程學)],/en/programme/cityuhk/JS1205
JS1206,CityUHK,UGC-funded,BScCM,BSc Computing Mathematics (Streams: Enriched Mathematics / Financial Mathematics / Global Research Enrichment and Technopreneurship (GREAT)),理學士 (計算數學) (專修範疇: 數學精研 / 金融數學 / 環球精研與科創),/en/programme/cityuhk/JS1206
JS1207,CityUHK,UGC-funded,MNE,Mechanical Engineering (Majors: BEng Aerospace Engineering / BEng Mechanical Engineering / BEng Nuclear and Risk Engineering),機械工程學 [主修: 工學士(航空航天工程) / 工學士(機械工程) / 工學士(核子及風險工程)],/en/programme/cityuhk/JS1207
JS1208,CityUHK,UGC-funded,BScPHY,BSc Physics [Features: Classical Physics/Modern Physics/Experimental and Computational Physics/Medical Physics/Condensed Matter Physics/Global Research Enrichment and Technopreneurship (GREAT)],理學士 (物理學) (特點：經典物理 / 近代物理 / 實驗與電算物理 / 醫學物理 / 凝聚態物理 / 環球精研與科創),/en/programme/cityuhk/JS1208
JS1210,CityUHK,UGC-funded,BEngMASE,BEng Materials Science and Engineering (Features: HKIE Accredited / Industrial and Research Internships / Overseas Double-degrees / Knowledge Transfer / World-leading Research),工學士(材料科學及工程) (特點: 香港工程師學會認可 / 工業和科研實習 / 海外雙學位課程 / 知識到應用遷移 / 世界領先的研究),/en/programme/cityuhk/JS1210
JS1211,CityUHK,UGC-funded,BEngBME,BEng Biomedical Engineering (Features: Medical Technology / Bioinstrumentation / Cell and Tissue Engineering / Biomedical Robotics),工學士(生物醫學工程) (特點: 醫療技術 / 生物儀器 / 細胞和組織工程 / 醫療機器人),/en/programme/cityuhk/JS1211
JS1216,CityUHK,UGC-funded,BEngITME,BEng Intelligent Manufacturing Engineering (Features: Industrial Internet-of-Things / Industrial Big Data / Robotics and Automation / Logistics and Supply Chain / Smart City Engineering),工學士(智能製造工程學) (特點: 物聯網 / 工業大數據 / 機器人技術與自動化 / 物流與供應鏈 / 智慧城市工程),/en/programme/cityuhk/JS1216
JS1217,CityUHK,UGC-funded,PRIME,"Pathway for Research, Innovation, and Multinational Engineering (PRIME) (any major in College of Engineering + Overseas Experience / Interdisciplinary / Entrepreneurial Training)",研究、創新和環球工程課程 (特點: 工學院任何一個主修 十 海外經驗 / 跨學科 / 創業培訓),/en/programme/cityuhk/JS1217
JS1218,CityUHK,UGC-funded,BScCBS,BSc Cybersecurity (Features: System Security / Software Security / Cryptography / Privacy-Enhancing Technologies / Cyber Risk Management),理學士 (網絡安全) (特點: 系統安全 / 軟件安全 / 密碼學 / 隱私增強技術 / 網絡風險管理),/en/programme/cityuhk/JS1218
JS1219,CityUHK,UGC-funded,BEngIEEG,BEng Innovation and Enterprise Engineering (Features: Engineering / Technology / Innovation / Enterprise / Entrepreneurship),工學士(創新與企業工程) (特點: 工程學 / 科技 / 創新 / 企業 / 創業),/en/programme/cityuhk/JS1219
JS1221,CityUHK,UGC-funded,BScCS&BScCFFT,BSc Computer Science and BSc Computational Finance and Financial Technology(Double Degree;Features:Corporate Accounting & Economics/Computational Finance/Advanced Statistics/Financial Technologies),理學士（計算機科學）與理學士（計算金融及金融科技）(雙學位；特點：企業會計與經濟 / 計算金融 / 高階統計 / 建模與演算法 / 金融科技軟件工程),/en/programme/cityuhk/JS1221
JS1300,CityUHK,UGC-funded,Bio3,Integrative Bioscience & Bioengineering Programme (Bio3) (Features: Free Choice of Major / Overseas Research Opportunities / Interdisciplinary),綜合生物科學與生物工程課程 (特點: 自主選擇主修學科 / 海外頂尖院校研究機會 / 跨學科),/en/programme/cityuhk/JS1300
JS1801,CityUHK,UGC-funded,BVM,Bachelor of Veterinary Medicine (Features: One Health / Animal Health & Welfare / Public Health / Dual Accreditation),獸醫學學士 (特點: 健康一體化 / 動物健康與福利 / 公共衞生 / 雙認證獸醫課程),/en/programme/cityuhk/JS1801
JS1805,CityUHK,UGC-funded,BMS,Biomedical Sciences (Majors: BSc Biological Sciences / BSc Biomedical Sciences),生物醫學 [主修: 理學士(生物科學) / 理學士(生物醫學)],/en/programme/cityuhk/JS1805
JS1806,CityUHK,UGC-funded,BScBISI,"BSc Biological Sciences (Features: Bioinformatics, Biochemistry, Genetics, Cellular & Molecular Biology, Immunology / Research Rotation Projects for Hands-on Experience)",理學士(生物科學) (特點: 生物資訊學、生物化學、遺傳學、細胞與分子生物學、免疫學 / 參與不同研究項目提供實踐經驗),/en/programme/cityuhk/JS1806
JS1807,CityUHK,UGC-funded,BScBMS,"BSc Biomedical Sciences (Features: Clinical Chemistry, Hematology, Microbiology and Pathology / Clinical or Industrial Attachment / Intensive Laboratory Experience)",理學士(生物醫學) (特點: 臨床化學、血液學、微生物學和病理學 / 臨床實習 / 密集實驗室經驗),/en/programme/cityuhk/JS1807
JS2020,HKBU,UGC-funded,BA,Bachelor of Arts (Hons) (Chinese Language and Literature / Creative and Professional Writing / English Language and Literature / Humanities / Translation),文學士(榮譽) (中國語言文學 / 創意及專業寫作 / 英國語言文學 / 人文學 / 翻譯學),/en/programme/hkbu/JS2020
JS2025,HKBU,UGC-funded,BA(RPE),"Bachelor of Arts (Hons) in Religion, Philosophy and Ethics",宗教、哲學及倫理文學士(榮譽),/en/programme/hkbu/JS2025
JS2060,HKBU,UGC-funded,BA/BMUS(MUSIC/CI),Bachelor of Arts (Hons) / Bachelor of Music (Hons) (Music / Creative Industries),文學士(榮譽) / 音樂學士(榮譽) (音樂 / 創意產業),/en/programme/hkbu/JS2060
JS2110,HKBU,UGC-funded,BBA(ACCT),Bachelor of Business Administration (Hons) - Accounting Concentration,工商管理學士(榮譽) - 會計學專修,/en/programme/hkbu/JS2110
JS2120,HKBU,UGC-funded,BBA,Bachelor of Business Administration (Hons),工商管理學士(榮譽),/en/programme/hkbu/JS2120
JS2310,HKBU,UGC-funded,BCOMM,Bachelor of Communication (Hons) (Journalism and Digital Media / Public Relations and Advertising),傳理學學士(榮譽) (新聞與數碼媒體 / 公關及廣告),/en/programme/hkbu/JS2310
JS2330,HKBU,UGC-funded,BA(FTV),Bachelor of Arts (Hons) in Film and Television,電影電視文學士(榮譽),/en/programme/hkbu/JS2330
JS2340,HKBU,UGC-funded,BFA(AGS),Bachelor of Fine Arts (Hons) in Acting for Global Screen,環球螢幕演技藝術學士(榮譽),/en/programme/hkbu/JS2340
JS2370,HKBU,UGC-funded,BCOMM(GDA),Bachelor of Communication (Hons) in Game Design and Animation,傳理學學士(榮譽) - 遊戲設計與動畫主修,/en/programme/hkbu/JS2370
JS2410,HKBU,UGC-funded,BCM&BSc(BIOMED),Bachelor of Chinese Medicine and Bachelor of Science (Hons) in Biomedical Science,中醫學學士及生物醫學理學士(榮譽),/en/programme/hkbu/JS2410
JS2420,HKBU,UGC-funded,BPharm,Bachelor of Pharmacy (Hons) in Chinese Medicine,中藥學學士(榮譽),/en/programme/hkbu/JS2420
JS2510,HKBU,UGC-funded,BSc,Bachelor of Science (Hons),理學士(榮譽),/en/programme/hkbu/JS2510
JS2610,HKBU,UGC-funded,BA/BSocSc,Bachelor of Arts (Hons) / Bachelor of Social Sciences (Hons) (European Studies [French/German Stream] / Geography/ Global and China Studies/ Government and International Studies/ History/ Sociology),文學士(榮譽) / 社會科學學士(榮譽) (歐洲研究 [法文/德文] / 地理 / 全球及中國研究 / 政治及國際關係學 / 歷史 / 社會學),/en/programme/hkbu/JS2610
JS2620,HKBU,UGC-funded,BA(PERM),Bachelor of Arts (Hons) in Physical Education and Recreation Management,體育及康樂管理文學士(榮譽),/en/programme/hkbu/JS2620
JS2660,HKBU,UGC-funded,BSW,Bachelor of Social Work (Hons),社會工作學士(榮譽),/en/programme/hkbu/JS2660
JS2810,HKBU,UGC-funded,BA(VA),Bachelor of Arts (Hons) in Visual Arts,視覺藝術文學士(榮譽),/en/programme/hkbu/JS2810
JS2910,HKBU,UGC-funded,BSc(BCDA),Bachelor of Science (Hons) in Business Computing and Data Analytics,商業計算及數據分析理學士(榮譽),/en/programme/hkbu/JS2910
JS2920,HKBU,UGC-funded,BASc(ARTT),Bachelor of Arts and Science (Hons) in Arts and Technology,藝術及科技文理學士(榮譽),/en/programme/hkbu/JS2920
JS2930,HKBU,UGC-funded,BA(BUSADMIN-GE),Bachelor of Arts (Hons) in Business Administration (Global Entertainment),工商管理文學士(榮譽)(全球娛樂),/en/programme/hkbu/JS2930
JS2940,HKBU,UGC-funded,BSocSc/BSc(HSWB),Bachelor of Social Sciences (Hons) / Bachelor of Science (Hons) in Innovation in Health and Social Well-Being,創新醫療及社會健康社會科學學士(榮譽) / 理學士(榮譽),/en/programme/hkbu/JS2940
JS2950,HKBU,UGC-funded,BAScT,"Bachelor of Arts, Science and Technology (Hons) in Individualised Major",文理及科技學士(榮譽)自訂主修,/en/programme/hkbu/JS2950
JS2960,HKBU,UGC-funded,BASc(DIFH),Bachelor of Arts and Science (Hons) in Digital Futures and Humanities,數位未來與人文學科文理學士(榮譽),/en/programme/hkbu/JS2960
JS7101,LingnanU,UGC-funded,BA (Hons) Chinese,Bachelor of Arts (Honours) in Chinese (Features: Chinese Language & Literature/Creative Writing/Digital Literature),中文(榮譽)文學士(課程特色: 中國語言與文學/創意寫作/數字人文),/en/programme/lingnanu/JS7101
JS7123,LingnanU,UGC-funded,BLA (Hons) GDS,Bachelor of Liberal Arts (Hons) in Global Development and Sustainability (Concentrations: Policy & Institutions/Culture & Community/Business & Economy/Human-Environment Interactions),環球可持續發展(榮譽)博雅學士(專修: 政策和機構/文化及社區/商業及經濟/人類與環境的互動),/en/programme/lingnanu/JS7123
JS7133,LingnanU,UGC-funded,BA (Hons) ADA,Bachelor of Arts (Honours) in Animation and Digital Arts (Concentrations: Digital Animation/Arts & Technology),動畫及數碼藝術(榮譽)文學士(專修: 數碼動畫/藝術與科技),/en/programme/lingnanu/JS7133
JS7204,LingnanU,UGC-funded,BA (Hons) Translation,Bachelor of Arts (Honours) in Translation (Concentrations: Cross-cultural Communication/Digital Corporate Communication),翻譯(榮譽)文學士 (專修: 跨文化傳意/數碼企業傳訊),/en/programme/lingnanu/JS7204
JS7211,LingnanU,UGC-funded,BBA (Hons) ACG,Bachelor of Business Administration (Honours)-Accounting and Corporate Governance (Concentrations: Professional Accounting/Corporate Governance)(Features: Enhancement Programme/Industry Internship),工商管理(榮譽)學士-會計與企業管治 (專修: 專業會計/企業管治)(課程特色:學生精進計劃/業內實習),/en/programme/lingnanu/JS7211
JS7212,LingnanU,UGC-funded,BBA (Hons) BAI,Bachelor of Business Administration (Honours)-Business Analytics & Innovation (Features: e-Business/Information Systems/Operations Management/Data Science/Artificial Intelligence),工商管理(榮譽)學士-商業分析與創新 (課程特色: 電子商務/信息系統/運營管理/數據科學/人工智能),/en/programme/lingnanu/JS7212
JS7213,LingnanU,UGC-funded,BBA (Hons) FIN,"Bachelor of Business Administration (Honours)-Finance(Features:CFA Student Scholarship/Diverse Electives: Investment,Corporate Finance,FinTech)",工商管理(榮譽)學士-金融(課程特色: 特許金融分析師協會學生獎學金/多元選修科目: 投資學、公司財務、金融科技),/en/programme/lingnanu/JS7213
JS7214,LingnanU,UGC-funded,BBA (Hons) MA,Bachelor of Business Administration (Honours)-Management and Analytics (Concentration:Global Business Management & Analytics/Human Resource Management & Analytics)(Feature:Professional Membership),工商管理(榮譽)學士-管理與分析 (專修:環球商業管理與分析/人力資源管理與分析)(課程特色:專業會員資格/實習與導師計劃),/en/programme/lingnanu/JS7214
JS7215,LingnanU,UGC-funded,BBA (Hons) MSM,Bachelor of Business Administration (Honours)-Marketing and Social Media(Features: Integrated Marketing/Social Media & Digital Marketing/Consumer Behaviour & Marketing Research),工商管理(榮譽)學士-市場學及社交媒體 (課程特色: 綜合行銷/社交媒體與數字行銷/消費者行為與市場調研),/en/programme/lingnanu/JS7215
JS7216,LingnanU,UGC-funded,BBA (Hons) in RIM,Bachelor of Business Administration (Honours) in Risk and Insurance Management (Optional Concentration: Insurance Technology)(Features: Globally Recognised Qualifications/Exclusive Mentorship),工商管理(榮譽)學士-風險及保險管理(可選專修: 保險科技)(課程特色: 專業國際資格認證/專屬師友計劃),/en/programme/lingnanu/JS7216
JS7225,LingnanU,UGC-funded,BSc (Hons) Data Science,Bachelor of Science (Honours) in Data Science (Features: Big Data Analytics/Deep Learning/Generative AI),數據科學(榮譽)理學士 (課程特色：大數據分析/深度學習/生成式人工智能),/en/programme/lingnanu/JS7225
JS7301,LingnanU,UGC-funded,BSocSc (Hons) Economics,Bachelor of Social Sciences (Honours)-Economics (Optional Concentration: Global Economics & Banking),社會科學(榮譽)學士-經濟學 (可選專修: 環球經濟與銀行),/en/programme/lingnanu/JS7301
JS7302,LingnanU,UGC-funded,BSocSc (Hons) Gov't & IA,Bachelor of Social Sciences (Honours) - Government and International Affairs,社會科學(榮譽)學士 - 政府與國際事務學,/en/programme/lingnanu/JS7302
JS7303,LingnanU,UGC-funded,BSocSc (Hons) Psychology,Bachelor of Social Sciences (Honours)-Psychology (Optional Concentrations: Counselling Psychology/Industrial & Organisational Psychology),社會科學(榮譽)學士-心理學 (可選專修: 輔導心理學/工業與組織心理學),/en/programme/lingnanu/JS7303
JS7304,LingnanU,UGC-funded,BSocSc (Hons) Sociology,Bachelor of Social Sciences (Honours)-Sociology (Optional Concentration: Social Innovation & Social Studies),社會科學(榮譽)學士-社會學 (可選專修: 社會創新與社會研究),/en/programme/lingnanu/JS7304
JS7305,LingnanU,UGC-funded,BSocSc (Hons) HSSM,Bachelor of Social Sciences (Honours) - Health and Social Services Management,社會科學(榮譽)學士 - 健康及社會服務管理,/en/programme/lingnanu/JS7305
JS7306,LingnanU,UGC-funded,BSocSc (Hons) SPPS,Bachelor of Social Sciences (Honours)-Social and Public Policy Studies (Optional Concentration: Smart Cities & Digital Society),社會科學(榮譽)學士-社會與公共政策研究 (可選專修: 智慧城市與數碼社會),/en/programme/lingnanu/JS7306
JS7307,LingnanU,UGC-funded,BSocSc (Hons) SocDS,Bachelor of Social Sciences (Honours)-Social Data Science (Concentrations: Economics/Government and International Affairs/Psychology/Sociology),社會科學(榮譽)學士-社會數據科學 (專修: 經濟學/政府與國際事務學 /心理學/社會學),/en/programme/lingnanu/JS7307
JS7503,LingnanU,UGC-funded,BA (Hons) Eng Studies,Bachelor of Arts (Honours) in English Studies (Optional Concentrations: Literature/Linguistics),英語語言文學課程(榮譽)文學士 (可選專修: 文學/語言學),/en/programme/lingnanu/JS7503
JS7606,LingnanU,UGC-funded,BA (Hons) Cultural Stud,"Bachelor of Arts (Honours) in Cultural Studies (Optional Concentrations: Digital Culture & Media Practices/Cultural Commons, Social Innovation & Creativity)",文化研究(榮譽)文學士 (可選專修: 數碼文化與媒體實踐/文化共享、社會創新與創造力),/en/programme/lingnanu/JS7606
JS7709,LingnanU,UGC-funded,BA (Hons) History,Bachelor of Arts (Honours) in History (Optional Concentrations: Asian History/Global History),歷史(榮譽)文學士 (可選專修: 亞洲史/全球史),/en/programme/lingnanu/JS7709
JS7802,LingnanU,UGC-funded,BA (Hons) Philosophy,Bachelor of Arts (Honours) in Philosophy (Features: Ethics/Philosophy of AI/Logic),哲學(榮譽)文學士 (課程特色:價值論/人工智能哲學/思考方法),/en/programme/lingnanu/JS7802
JS7905,LingnanU,UGC-funded,BA (Hons) FVA,Bachelor of Arts (Honours) in Film and Visual Arts (Features: Film Studies/Global Media/Art History/Museum Studies),電影與視覺藝術(榮譽)文學士(課程特色: 電影研究/環球媒體/藝術史/博物館學),/en/programme/lingnanu/JS7905
JS4006,CUHK,UGC-funded,ANTHROPOLOGY,Anthropology,人類學,/en/programme/cuhk/JS4006
JS4018,CUHK,UGC-funded,CHI LANG & LIT,Chinese Language and Literature,中國語言及文學,/en/programme/cuhk/JS4018
JS4032,CUHK,UGC-funded,ENGLISH,English,英文,/en/programme/cuhk/JS4032
JS4044,CUHK,UGC-funded,FINE ARTS,Fine Arts,藝術,/en/programme/cuhk/JS4044
JS4056,CUHK,UGC-funded,HISTORY,History,歷史,/en/programme/cuhk/JS4056
JS4068,CUHK,UGC-funded,JAPANESE STUDIES,Japanese Studies,日本研究,/en/programme/cuhk/JS4068
JS4070,CUHK,UGC-funded,LINGUISTICS,Linguistics,語言學,/en/programme/cuhk/JS4070
JS4082,CUHK,UGC-funded,MUSIC,Music,音樂,/en/programme/cuhk/JS4082
JS4094,CUHK,UGC-funded,PHILOSOPHY,Philosophy,哲學,/en/programme/cuhk/JS4094
JS4100,CUHK,UGC-funded,PUBLIC HUMANITIES,Public Humanities,公共人文學,/en/programme/cuhk/JS4100
JS4109,CUHK,UGC-funded,RELIGION,Religious Studies,宗教研究,/en/programme/cuhk/JS4109
JS4111,CUHK,UGC-funded,THEOLOGY,Theology,神學,/en/programme/cuhk/JS4111
JS4123,CUHK,UGC-funded,TRANSLATION,Translation,翻譯,/en/programme/cuhk/JS4123
JS4136,CUHK,UGC-funded,CHINESE STUDIES,Chinese Studies,中國研究,/en/programme/cuhk/JS4136
JS4202,CUHK,UGC-funded,INTEGRATED BBA,Integrated Bachelor of Business Administration Programme,工商管理學士綜合課程,/en/programme/cuhk/JS4202
JS4214,CUHK,UGC-funded,GBS,Global Business Studies,環球商業學,/en/programme/cuhk/JS4214
JS4226,CUHK,UGC-funded,HOSP & REAL EST,Hospitality and Real Estate,酒店旅遊及房地產,/en/programme/cuhk/JS4226
JS4238,CUHK,UGC-funded,IFAA,"Insurance, Financial and Actuarial Analysis",保險、金融與精算學,/en/programme/cuhk/JS4238
JS4240,CUHK,UGC-funded,ACCOUNTING,Professional Accountancy,專業會計學,/en/programme/cuhk/JS4240
JS4252,CUHK,UGC-funded,QFIN,Quantitative Finance,計量金融學,/en/programme/cuhk/JS4252
JS4254,CUHK,UGC-funded,GLEF,Interdisciplinary Major Programme in Global Economics and Finance,環球經濟與金融跨學科主修課程,/en/programme/cuhk/JS4254
JS4264,CUHK,UGC-funded,BBA-JD,Bachelor of Business Administration (Integrated BBA Programme) and Juris Doctor Double Degree Programme,工商管理學士（工商管理學士綜合課程）及法律博士雙學位課程,/en/programme/cuhk/JS4264
JS4276,CUHK,UGC-funded,QFRM,Quantitative Finance and Risk Management Science,計量金融學及風險管理科學,/en/programme/cuhk/JS4276
JS4320,CUHK,UGC-funded,HUM MOV SCI & HEALTH STU,Human Movement Science and Health Studies,人體運動科學與健康研究,/en/programme/cuhk/JS4320
JS4329,CUHK,UGC-funded,"PHY ED, EX SCI & HEALTH","Physical Education, Exercise Science and Health",健康與體育運動科學,/en/programme/cuhk/JS4329
JS4331,CUHK,UGC-funded,BA (CHI) BEd (CHI EDU),B.A. (Chinese Language Studies) and B.Ed. (Chinese Language Education),文學士 (中國語文研究) 及教育學士 (中國語文教育),/en/programme/cuhk/JS4331
JS4343,CUHK,UGC-funded,BA (ENG) BEd (ENG EDU),B.A. (English Studies) and B.Ed. (English Language Education),文學士(英國語文研究)及教育學士(英國語文教育),/en/programme/cuhk/JS4343
JS4361,CUHK,UGC-funded,MATHS EDUCATION,B.Ed. in Mathematics and Mathematics Education,教育學士(數學及數學教育),/en/programme/cuhk/JS4361
JS4372,CUHK,UGC-funded,BEd (ECE),B.Ed. in Early Childhood Education,教育學士(幼兒教育),/en/programme/cuhk/JS4372
JS4386,CUHK,UGC-funded,LEARNING DESIGN AND TECH,B.Sc. in Learning Design and Technology,理學士（學習設計與科技）,/en/programme/cuhk/JS4386
JS4408,CUHK,UGC-funded,MAEG,Mechanical and Automation Engineering,機械與自動化工程學,/en/programme/cuhk/JS4408
JS4412,CUHK,UGC-funded,COMPUTER SCI & ENG,Computer Science and Engineering,計算機科學與工程,/en/programme/cuhk/JS4412
JS4416,CUHK,UGC-funded,CDAS,Computational Data Science,計算數據科學,/en/programme/cuhk/JS4416
JS4428,CUHK,UGC-funded,BENG FINTECH,Financial Technology,金融科技學,/en/programme/cuhk/JS4428
JS4434,CUHK,UGC-funded,ELEG,Electronic Engineering,電子工程學,/en/programme/cuhk/JS4434
JS4446,CUHK,UGC-funded,IERGN,Information Engineering,信息工程學,/en/programme/cuhk/JS4446
JS4458,CUHK,UGC-funded,SEEM,Systems Engineering and Engineering Management,系統工程與工程管理,/en/programme/cuhk/JS4458
JS4460,CUHK,UGC-funded,BMEG,Biomedical Engineering,生物醫學工程學,/en/programme/cuhk/JS4460
JS4462,CUHK,UGC-funded,EEEN,Energy and Environmental Engineering,能源與環境工程學,/en/programme/cuhk/JS4462
JS4468,CUHK,UGC-funded,AIST,Artificial Intelligence: Systems and Technologies,人工智能：系統與科技,/en/programme/cuhk/JS4468
JS4470,CUHK,UGC-funded,MATERIALS SCI & ENG,Materials Science and Engineering,材料科學與工程學,/en/programme/cuhk/JS4470
JS4501,CUHK,UGC-funded,MBChB,Bachelor of Medicine and Bachelor of Surgery (MBChB),內外全科醫學士課程,/en/programme/cuhk/JS4501
JS4502,CUHK,UGC-funded,MBChB-GPS,Bachelor of Medicine and Bachelor of Surgery – Global Physician-Leadership Stream (MBChB-GPS),內外全科醫學士課程環球醫學領袖培訓專修組別,/en/programme/cuhk/JS4502
JS4513,CUHK,UGC-funded,NURSING,Nursing,護理學,/en/programme/cuhk/JS4513
JS4525,CUHK,UGC-funded,PHARMACY,Pharmacy,藥劑學,/en/programme/cuhk/JS4525
JS4537,CUHK,UGC-funded,PUBLIC HEALTH,Public Health,公共衞生,/en/programme/cuhk/JS4537
JS4542,CUHK,UGC-funded,CHIN MEDICINE,Chinese Medicine,中醫學,/en/programme/cuhk/JS4542
JS4550,CUHK,UGC-funded,BIOMEDICAL SCIENCES,Biomedical Sciences,生物醫學,/en/programme/cuhk/JS4550
JS4601,CUHK,UGC-funded,SCIENCE,Science,理學,/en/programme/cuhk/JS4601
JS4648,CUHK,UGC-funded,EESC,Earth and Environmental Sciences,地球與環境科學,/en/programme/cuhk/JS4648
JS4682,CUHK,UGC-funded,ENRICHMENT MATHEMATICS,Enrichment Mathematics,數學精研,/en/programme/cuhk/JS4682
JS4690,CUHK,UGC-funded,THEORETICAL PHYSICS,Enrichment Stream in Theoretical Physics,理論物理精研,/en/programme/cuhk/JS4690
JS4719,CUHK,UGC-funded,RISK MGT SCI,Risk Management Science,風險管理科學,/en/programme/cuhk/JS4719
JS4725,CUHK,UGC-funded,BEHM,"Biotechnology, Entrepreneurship and Healthcare Management",生物科技、創業與醫療管理,/en/programme/cuhk/JS4725
JS4733,CUHK,UGC-funded,MIEGN,Mathematics and Information Engineering,數學與信息工程學,/en/programme/cuhk/JS4733
JS4750,CUHK,UGC-funded,ASEIDM,Aerospace Science and Earth Informatics & X Double Major Programme,航天科學與地球信息學及Ｘ雙主修課程,/en/programme/cuhk/JS4750
JS4760,CUHK,UGC-funded,IDADM,Interdisciplinary Data Analytics & X Double Major Programme,跨學科數據分析及Ｘ雙主修課程,/en/programme/cuhk/JS4760
JS4801,CUHK,UGC-funded,SOCIAL SCIENCE,Social Science,社會科學,/en/programme/cuhk/JS4801
JS4812,CUHK,UGC-funded,ARCHITECTURE,Architectural Studies,建築學,/en/programme/cuhk/JS4812
JS4824,CUHK,UGC-funded,ECONOMICS,Economics,經濟學,/en/programme/cuhk/JS4824
JS4836,CUHK,UGC-funded,GEO & RES MGT,Geography and Resource Management,地理與資源管理學,/en/programme/cuhk/JS4836
JS4838,CUHK,UGC-funded,URBAN STUDIES,Urban Studies,城市研究,/en/programme/cuhk/JS4838
JS4848,CUHK,UGC-funded,GOV'T & PUBLIC ADMIN,Government and Public Administration,政治與行政學,/en/programme/cuhk/JS4848
JS4850,CUHK,UGC-funded,JOURNALISM & COMMUN,Journalism and Communication,新聞與傳播學,/en/programme/cuhk/JS4850
JS4858,CUHK,UGC-funded,GLOBAL COMM,Global Communication,全球傳播,/en/programme/cuhk/JS4858
JS4862,CUHK,UGC-funded,PSYCHOLOGY,Psychology,心理學,/en/programme/cuhk/JS4862
JS4874,CUHK,UGC-funded,SOCIAL WORK,Social Work,社會工作,/en/programme/cuhk/JS4874
JS4886,CUHK,UGC-funded,SOCIOLOGY,Sociology,社會學,/en/programme/cuhk/JS4886
JS4892,CUHK,UGC-funded,GLOBAL STUDIES,Global Studies,全球研究,/en/programme/cuhk/JS4892
JS4893,CUHK,UGC-funded,DSPS,Data Science and Policy Studies,數據科學與政策研究,/en/programme/cuhk/JS4893
JS4898,CUHK,UGC-funded,DIPL & INTL STUDIES,Diplomacy and International Studies,外交與國際事務,/en/programme/cuhk/JS4898
JS4903,CUHK,UGC-funded,LLB,Bachelor of Laws,法學士,/en/programme/cuhk/JS4903
JS8001,EdUHK,UGC-funded,BA(CDA)&BEd(MU),Bachelor of Arts (Honours) in Creative and Digital Arts and Bachelor of Education (Honours) (Music),創意藝術與數碼藝術榮譽文學士及音樂教育榮譽學士,/en/programme/eduhk/JS8001
JS8002,EdUHK,UGC-funded,BA(CDA)&BEd(VA),Bachelor of Arts (Honours) in Creative and Digital Arts and Bachelor of Education (Honours) (Visual Arts),創意藝術與數碼藝術榮譽文學士及視覺藝術教育榮譽學士,/en/programme/eduhk/JS8002
JS8003,EdUHK,UGC-funded,BA(DCCC)&BEd(CL),Bachelor of Arts (Honours) in Digital Chinese Culture and Communication and Bachelor of Education (Honours) (Chinese Language),數碼中國文化與傳意榮譽文學士及中文教育榮譽學士,/en/programme/eduhk/JS8003
JS8004,EdUHK,UGC-funded,BA(ESDC)&BEd(EL),Bachelor of Arts (Honours) in English Studies and Digital Communication and Bachelor of Education (Honours) (English Language),英語研究及數碼傳訊榮譽文學士及英文教育榮譽學士,/en/programme/eduhk/JS8004
JS8005,EdUHK,UGC-funded,BA(HE&AM)&BEd(CHI HIST),Bachelor of Arts (Honours) in Heritage Education and Arts Management and Bachelor of Education (Honours) (Chinese History),文化傳承教育與藝術管理榮譽文學士及中國歷史教育榮譽學士,/en/programme/eduhk/JS8005
JS8006,EdUHK,UGC-funded,BSocSc(Psy)&BEd(ECE),Bachelor of Social Sciences (Honours) in Psychology and Bachelor of Education (Honours) (Early Childhood Education),心理學榮譽社會科學學士及幼兒教育榮譽學士,/en/programme/eduhk/JS8006
JS8007,EdUHK,UGC-funded,BA(PF)&BEd(BAFS),"Bachelor of Arts (Honours) in Personal Finance and Bachelor of Education (Honours) (Business, Accounting and Financial Studies)",個人理財榮譽文學士及企業、會計與財務概論教育榮譽學士,/en/programme/eduhk/JS8007
JS8008,EdUHK,UGC-funded,BSc(AIET)&BEd(ICT&PSci),Bachelor of Science (Honours) in Artificial Intelligence and Educational Technology and Bachelor of Education (Honours) (Information and Communication Technology and Primary Science),人工智能與教育科技榮譽理學士及資訊及通訊科技及小學科學教育榮譽學士,/en/programme/eduhk/JS8008
JS8009,EdUHK,UGC-funded,BSc(AIET)&BEd(PM),Bachelor of Science (Honours) in Artificial Intelligence and Educational Technology and Bachelor of Education (Honours) (Primary Mathematics),人工智能與教育科技榮譽理學士及小學數學教育榮譽學士,/en/programme/eduhk/JS8009
JS8010,EdUHK,UGC-funded,BSc(SPSC)&BEd(PE),Bachelor of Science (Honours) in Sports Science and Coaching and Bachelor of Education (Honours) (Physical Education),運動科學及教練榮譽理學士及體育教育榮譽學士,/en/programme/eduhk/JS8010
JS8011,EdUHK,UGC-funded,BSc(IEM)&BEd(SCI),Bachelor of Science (Honours) in Integrated Environmental Management and Bachelor of Education (Honours) (Science),綜合環境管理榮譽理學士及科學教育榮譽學士,/en/programme/eduhk/JS8011
JS8012,EdUHK,UGC-funded,BSocSc(SCS)&BEd(GEOG),Bachelor of Social Sciences (Honours) in Sociology and Community Studies and Bachelor of Education (Honours) (Geography),社會學與社區研究榮譽社會科學學士及地理教育榮譽學士,/en/programme/eduhk/JS8012
JS8013,EdUHK,UGC-funded,BSocSc(SCS)&BEd(PHM),Bachelor of Social Sciences (Honours) in Sociology and Community Studies and Bachelor of Education (Honours) (Primary Humanities),社會學與社區研究榮譽社會科學學士及小學人文科教育榮譽學士,/en/programme/eduhk/JS8013
JS8507,EdUHK,UGC-funded,HD(ECE),Higher Diploma in Early Childhood Education,幼兒教育高級文憑,/en/programme/eduhk/JS8507
JS8651,EdUHK,UGC-funded,BSocSc(Psy),Bachelor of Social Sciences (Honours) in Psychology,心理學榮譽社會科學學士,/en/programme/eduhk/JS8651
JS8663,EdUHK,UGC-funded,BA(SE),Bachelor of Arts (Honours) in Special Education,特殊教育榮譽文學士,/en/programme/eduhk/JS8663
JS8674,EdUHK,UGC-funded,BA(DCCC),Bachelor of Arts (Honours) in Digital Chinese Culture and Communication,數碼中國文化與傳意榮譽文學士,/en/programme/eduhk/JS8674
JS8675,EdUHK,UGC-funded,BA(ESDC),Bachelor of Arts (Honours) in English Studies and Digital Communication,英語研究及數碼傳訊榮譽文學士,/en/programme/eduhk/JS8675
JS8685,EdUHK,UGC-funded,BA(CDA)-MU,Bachelor of Arts (Honours) in Creative and Digital Arts (Music),創意藝術與數碼藝術榮譽文學士 (音樂),/en/programme/eduhk/JS8685
JS8686,EdUHK,UGC-funded,BA(CDA)-VA,Bachelor of Arts (Honours) in Creative and Digital Arts (Visual Arts),創意藝術與數碼藝術榮譽文學士 (視覺藝術),/en/programme/eduhk/JS8686
JS8687,EdUHK,UGC-funded,BA(HE&AM),Bachelor of Arts (Honours) in Heritage Education and Arts Management,文化傳承教育與藝術管理榮譽文學士,/en/programme/eduhk/JS8687
JS8688,EdUHK,UGC-funded,BA(PF),Bachelor of Arts (Honours) in Personal Finance,個人理財榮譽文學士,/en/programme/eduhk/JS8688
JS8702,EdUHK,UGC-funded,BSc(IEM),Bachelor of Science (Honours) in Integrated Environmental Management,綜合環境管理榮譽理學士,/en/programme/eduhk/JS8702
JS8714,EdUHK,UGC-funded,BSc(AI&EdTech),Bachelor of Science (Honours) in Artificial Intelligence and Educational Technology,人工智能與教育科技榮譽理學士,/en/programme/eduhk/JS8714
JS8726,EdUHK,UGC-funded,BSc(SPSC),Bachelor of Science (Honours) in Sports Science and Coaching,運動科學及教練榮譽理學士,/en/programme/eduhk/JS8726
JS8727,EdUHK,UGC-funded,BSc(SPR),Bachelor of Science (Honours) in Speech Pathology and Rehabilitation,言語病理學及復康榮譽理學士,/en/programme/eduhk/JS8727
JS3000,PolyU,UGC-funded,INTERDISCIP STUDIES,Bachelor’s Degree Scheme in Interdisciplinary Studies,跨學科組合學士課程,/en/programme/polyu/JS3000
JS3003,PolyU,UGC-funded,BUSINESS ADMIN,Bachelor’s Degree Scheme in Business Administration,工商管理組合學士課程,/en/programme/polyu/JS3003
JS3004,PolyU,UGC-funded,CONSTRUCT & ENVIR,Bachelor’s Degree Scheme in Construction and Environment,建設及環境組合學士課程,/en/programme/polyu/JS3004
JS3005,PolyU,UGC-funded,ENGINEERING,Bachelor’s Degree Scheme in Engineering,工程學科組合學士課程,/en/programme/polyu/JS3005
JS3006,PolyU,UGC-funded,COMP & MATH SCI,Bachelor’s Degree Scheme in Computer and Mathematical Sciences,計算機及數學科學組合學士課程,/en/programme/polyu/JS3006
JS3007,PolyU,UGC-funded,HUMANITIES,Bachelor’s Degree Scheme in Humanities,人文學科組合學士課程,/en/programme/polyu/JS3007
JS3008,PolyU,UGC-funded,SCIENCE,Bachelor’s Degree Scheme in Science,理學組合學士課程,/en/programme/polyu/JS3008
JS3011,PolyU,UGC-funded,BIOTECH & CHEM TECH,BSc (Hons) Scheme in Biotechnology and Chemical Technology,生物科技及化學科技(榮譽)理學士組合課程,/en/programme/polyu/JS3011
JS3030,PolyU,UGC-funded,PHYSICS,BSc (Hons) in Physics with a Secondary Major in Artificial Intelligence & Data Analytics (AIDA) / Innovation and Entrepreneurship (IE),物理學(榮譽)理學士副主修人工智能及數據分析 / 創新及創業,/en/programme/polyu/JS3030
JS3050,PolyU,UGC-funded,FASHION,BA (Hons) Scheme in Fashion (Fashion Design / Knitwear Design / Contour Fashion and Activewear / Fashion Business / Fashion Innovation and Technology),時裝(榮譽)文學士組合課程 (時裝設計 / 針織時裝設計 / 內衣及運動服裝 / 時裝商務 / 時裝創新及科技),/en/programme/polyu/JS3050
JS3060,PolyU,UGC-funded,ACCT & FINANCE,BBA (Hons) Scheme in Accounting and Finance (Accountancy / Accounting and Finance / Digital Finance and Investment),會計及金融(榮譽)工商管理學士組合課程 (會計學 / 會計及金融 / 數碼金融及投資學),/en/programme/polyu/JS3060
JS3070,PolyU,UGC-funded,"GBL,AVIAT,MARI & SC MGT","BBA (Hons) Scheme in Global Business and Logistics, Aviation, Maritime, and Supply Chain Management",環球商業及物流、航空、航運及供應鏈管理(榮譽)工商管理學士組合課程,/en/programme/polyu/JS3070
JS3080,PolyU,UGC-funded,MGT & MARKETING,BBA (Hons) Scheme in Management and Marketing (Management / Marketing),管理及市場學(榮譽)工商管理學士組合課程 (管理學 / 市場學),/en/programme/polyu/JS3080
JS3130,PolyU,UGC-funded,SPAT DATA & SMART CITIES,BSc (Hons) Scheme in Spatial Data Science and Smart Cities (Land Surveying and Geo-Informatics / Urban Informatics and Smart Cities),空間數據科學及智慧城市(榮譽)理學士組合課程 (土地測量及地理資訊學 / 城市信息學及智慧城市),/en/programme/polyu/JS3130
JS3140,PolyU,UGC-funded,AVIATION ENGG,BEng (Hons) Scheme in Aviation Engineering (Aeronautical Engineering / Air Transport Engineering),航空工程學(榮譽)工學士組合課程 (航空工程學 / 民航工程學),/en/programme/polyu/JS3140
JS3150,PolyU,UGC-funded,BIOMEDICAL ENGG,BSc (Hons) in Biomedical Engineering,生物醫學工程(榮譽)理學士,/en/programme/polyu/JS3150
JS3160,PolyU,UGC-funded,SPORTS SCI & TECH,BSc (Hons) in Sports Science and Technology,體育科技(榮譽)理學士,/en/programme/polyu/JS3160
JS3170,PolyU,UGC-funded,ELECTRICAL ENGG,BEng (Hons) Scheme in Electrical Engineering (Electrical Engineering / Transportation Systems Engineering),電機工程學(榮譽)工學士組合課程 (電機工程學 / 運輸系統工程學),/en/programme/polyu/JS3170
JS3180,PolyU,UGC-funded,INFO & AI ENGG,BEng (Hons)/BSc (Hons) Scheme in Information and Artificial Intelligence Engineering (Internet-of-Things / Artificial Intelligence / Information Security),資訊及人工智能工程學(榮譽)工學士/理學士組合課程 (物聯網 / 人工智能 / 資訊安全),/en/programme/polyu/JS3180
JS3211,PolyU,UGC-funded,BLDG SCI & ENGG,BEng (Hons) in Building Sciences and Engineering,建築科學及工程學(榮譽)工學士,/en/programme/polyu/JS3211
JS3214,PolyU,UGC-funded,ARCHIT STUDIES,BSc (Hons) in Architectural Studies,建築學(榮譽)理學士,/en/programme/polyu/JS3214
JS3220,PolyU,UGC-funded,APP MATHS & FIN ANA,BSc (Hons) Scheme in Applied Mathematics and Finance Analytics (Applied Mathematics / Investment Science and Finance Analytics / Quantitative Finance and FinTech),應用數學及金融分析(榮譽)理學士組合課程 (應用數學 / 投資科學及金融分析 / 量化金融及金融科技),/en/programme/polyu/JS3220
JS3223,PolyU,UGC-funded,DATA SCI & AI,BSc (Hons) Scheme in Data Science and Artificial Intelligence (Data Science and Analytics / Financial Technology and Artificial Intelligence),數據科學及人工智能(榮譽)理學士組合課程 (數據科學及分析 / 金融科技及人工智能),/en/programme/polyu/JS3223
JS3236,PolyU,UGC-funded,PROD INNO & SMART MFG,BEng (Hons) Scheme in Product Innovation and Smart Manufacturing (Product Innovation with Marketing / Smart Manufacturing),產品創新及智能製造(榮譽)工學士組合課程 (產品創新兼市場學 / 智能製造),/en/programme/polyu/JS3236
JS3237,PolyU,UGC-funded,INTELLI S C & ENGG MGT,BSc (Hons) Scheme in Intelligent Supply Chain and Engineering Management (Intelligent Supply Chain / Engineering Management with Data Analytics / Aviation Operations and Systems),智能供應鏈及工程管理(榮譽)理學士組合課程 (智能供應鏈 / 工程管理兼數據分析 / 航空營運及系統學),/en/programme/polyu/JS3237
JS3240,PolyU,UGC-funded,ENGL & APP LINGUISTICS,BA (Hons) in English and Applied Linguistics,英文及應用語言學(榮譽)文學士,/en/programme/polyu/JS3240
JS3242,PolyU,UGC-funded,SPEECH THERAPY,BSc (Hons) in Speech Therapy,言語治療(榮譽)理學士,/en/programme/polyu/JS3242
JS3243,PolyU,UGC-funded,LANG SCI & TECH,BSc (Hons) in Language Science and Technology (Subject to approval),語言科學及技術(榮譽)理學士 (有待審批),/en/programme/polyu/JS3243
JS3250,PolyU,UGC-funded,APPLIED SOC SCI,BA (Hons) Scheme in Applied Social Sciences (Social Work / Social Policy and Social Entrepreneurship),應用社會科學(榮譽)文學士組合課程 (社會工作 / 社會政策及社會創業),/en/programme/polyu/JS3250
JS3255,PolyU,UGC-funded,FOOD SCI & NUTRITION,BSc (Hons) Scheme in Food Science and Nutrition (Food Safety and Technology / Human Nutrition and Health),食品科學及營養學(榮譽)理學士組合課程 (食品科技與食物安全 / 人類營養學及健康),/en/programme/polyu/JS3255
JS3290,PolyU,UGC-funded,OPTOMETRY,BSc (Hons) in Optometry,眼科視光學(榮譽)理學士,/en/programme/polyu/JS3290
JS3310,PolyU,UGC-funded,HOTEL & TOURISM MGT,BSc (Hons) Scheme in Hotel and Tourism Management (Hotel Management / Smart Tourism and Hospitality / Event and Experience Management),酒店及旅遊管理(榮譽)理學士組合課程 (酒店管理 / 智慧旅遊及酒店產業 / 會展及體驗管理),/en/programme/polyu/JS3310
JS3320,PolyU,UGC-funded,CHI HISTORY & CULTURE,BA (Hons) in Chinese History and Culture,中國歷史及文化(榮譽)文學士,/en/programme/polyu/JS3320
JS3337,PolyU,UGC-funded,MENTAL HEALTH NURSING,BSc (Hons) in Mental Health Nursing,精神健康護理學(榮譽)理學士,/en/programme/polyu/JS3337
JS3375,PolyU,UGC-funded,ENVIR ENGG & SUS DEVELOP,BEng (Hons) in Environmental Engineering and Sustainable Development,環境工程及可持續發展學(榮譽)工學士,/en/programme/polyu/JS3375
JS3478,PolyU,UGC-funded,MED LAB SCI,BSc (Hons) in Medical Laboratory Science,醫療化驗科學(榮譽)理學士,/en/programme/polyu/JS3478
JS3569,PolyU,UGC-funded,DESIGN,BA (Hons) Scheme in Design (Advertising Design/Environmental Design/Immersive Media and Game Design/Information Design/Interaction Design/Interior Design/Product Design/Service Design/Social Design),設計學(榮譽)文學士組合課程 (廣告設計/環境設計/沉浸式媒體與遊戲設計/信息設計/交互設計/室内設計/產品設計/服務創新設計/社會創新設計),/en/programme/polyu/JS3569
JS3612,PolyU,UGC-funded,RADIOGRAPHY,BSc (Hons) in Radiography,放射學(榮譽)理學士,/en/programme/polyu/JS3612
JS3624,PolyU,UGC-funded,OCCUPATIONAL THERAPY,BSc (Hons) in Occupational Therapy,職業治療學(榮譽)理學士,/en/programme/polyu/JS3624
JS3636,PolyU,UGC-funded,PHYSIOTHERAPY,BSc (Hons) in Physiotherapy,物理治療學(榮譽)理學士,/en/programme/polyu/JS3636
JS3648,PolyU,UGC-funded,NURSING,BSc (Hons) in Nursing,護理學(榮譽)理學士,/en/programme/polyu/JS3648
JS3739,PolyU,UGC-funded,CIVIL ENGG,BEng (Hons) in Civil Engineering,土木工程學(榮譽)工學士,/en/programme/polyu/JS3739
JS3741,PolyU,UGC-funded,MECHANICAL ENGG,BEng (Hons) Scheme in Mechanical Engineering (Intelligent Robotics Engineering / Mechanical Engineering),機械工程學(榮譽)工學士組合課程 (智能機械人工程學 / 機械工程學),/en/programme/polyu/JS3741
JS3789,PolyU,UGC-funded,SURVEYING,BSc (Hons) in Surveying,地產及建設測量學(榮譽)理學士,/en/programme/polyu/JS3789
JS3791,PolyU,UGC-funded,BLDG ENGG & MGT,BSc (Hons) in Building Engineering and Management,建築工程及管理學(榮譽)理學士,/en/programme/polyu/JS3791
JS3868,PolyU,UGC-funded,COMPUTING & AI,BSc (Hons) Scheme in Computing and AI (Computer Science / Enterprise Information Systems),電子計算及人工智能(榮譽)理學士組合課程 (計算機科學 / 企業信息管理),/en/programme/polyu/JS3868
JS5101,HKUST,UGC-funded,IRE,International Research Enrichment,國際科研,/en/programme/hkust/JS5101
JS5102,HKUST,UGC-funded,SSCI-A,Science (Group A),理學Ａ組,/en/programme/hkust/JS5102
JS5103,HKUST,UGC-funded,SSCI-B,Science (Group B),理學Ｂ組,/en/programme/hkust/JS5103
JS5118,HKUST,UGC-funded,BMH,BSc in Biomedical and Health Sciences,理學士（生物醫學及健康科學）,/en/programme/hkust/JS5118
JS5181,HKUST,UGC-funded,SSCI-A (AI),Science (Group A) with Extended Major in Artificial Intelligence,理學Ａ組– 人工智能延伸主修,/en/programme/hkust/JS5181
JS5212,HKUST,UGC-funded,CPEG,BEng in Computer Engineering,工學士（計算機工程學）,/en/programme/hkust/JS5212
JS5220,HKUST,UGC-funded,CBE,Department of Chemical and Biological Engineering,化學及生物工程學系,/en/programme/hkust/JS5220
JS5230,HKUST,UGC-funded,CIVL,Department of Civil and Environmental Engineering,土木及環境工程學系,/en/programme/hkust/JS5230
JS5240,HKUST,UGC-funded,CSE,Department of Computer Science and Engineering,計算機科學及工程學系,/en/programme/hkust/JS5240
JS5250,HKUST,UGC-funded,ECE,Department of Electronic and Computer Engineering,電子及計算機工程學系,/en/programme/hkust/JS5250
JS5260,HKUST,UGC-funded,IEDA,Department of Industrial Engineering and Decision Analytics,工業工程及決策分析學系,/en/programme/hkust/JS5260
JS5270,HKUST,UGC-funded,MAE,Department of Mechanical and Aerospace Engineering,機械及航空航天工程學系,/en/programme/hkust/JS5270
JS5282,HKUST,UGC-funded,ENGG+AI,Engineering with Extended Major in Artificial Intelligence,工程學 – 人工智能延伸主修,/en/programme/hkust/JS5282
JS5300,HKUST,UGC-funded,B&M,Business and Management,工商管理,/en/programme/hkust/JS5300
JS5311,HKUST,UGC-funded,ECON,BBA in Economics,工商管理學士（經濟學）,/en/programme/hkust/JS5311
JS5312,HKUST,UGC-funded,FINA,BBA in Finance,工商管理學士（金融學）,/en/programme/hkust/JS5312
JS5313,HKUST,UGC-funded,GBUS,BBA in Global Business,工商管理學士（環球商業管理）,/en/programme/hkust/JS5313
JS5314,HKUST,UGC-funded,IS,BBA in Information Systems,工商管理學士（資訊系統學）,/en/programme/hkust/JS5314
JS5315,HKUST,UGC-funded,MGMT,BBA in Management,工商管理學士（管理學）,/en/programme/hkust/JS5315
JS5316,HKUST,UGC-funded,MARK,BBA in Marketing,工商管理學士（市場學）,/en/programme/hkust/JS5316
JS5317,HKUST,UGC-funded,OM,BBA in Operations Management,工商管理學士（營運管理學）,/en/programme/hkust/JS5317
JS5318,HKUST,UGC-funded,ACCT,BBA in Professional Accounting,工商管理學士（專業會計學）,/en/programme/hkust/JS5318
JS5331,HKUST,UGC-funded,ECOF,BSc in Economics and Finance,理學士（經濟及金融學）,/en/programme/hkust/JS5331
JS5332,HKUST,UGC-funded,QFIN,BSc in Quantitative Finance,理學士（量化金融學）,/en/programme/hkust/JS5332
JS5411,HKUST,UGC-funded,GCS,BSc in Global China Studies,理學士（環球中國研究）,/en/programme/hkust/JS5411
JS5412,HKUST,UGC-funded,QSA,BSc in Quantitative Social Analysis,理學士（定量社會數據分析）,/en/programme/hkust/JS5412
JS5711,HKUST,UGC-funded,IDT,"BSc in Innovation, Design and Technology",理學士（創新設計與科技）,/en/programme/hkust/JS5711
JS5811,HKUST,UGC-funded,BIBU,BSc in Biotechnology and Business,理學士（生物科技及商學）,/en/programme/hkust/JS5811
JS5812,HKUST,UGC-funded,EVMT,BSc in Environmental Management and Technology,理學士（環境管理及科技）,/en/programme/hkust/JS5812
JS5813,HKUST,UGC-funded,MAEC,BSc in Mathematics and Economics,理學士（數學與經濟學）,/en/programme/hkust/JS5813
JS5814,HKUST,UGC-funded,RMBI,BSc in Risk Management and Business Intelligence,理學士（風險管理及商業智能學）,/en/programme/hkust/JS5814
JS5822,HKUST,UGC-funded,SGFN,BSc in Sustainable and Green Finance,理學士（可持續發展及綠色金融）,/en/programme/hkust/JS5822
JS5901,HKUST,UGC-funded,T&M-DDP,BEng/BSc & BBA Dual Degree Program in Technology & Management,科技及管理學雙學位課程,/en/programme/hkust/JS5901
JS6004,HKU,UGC-funded,BA(AS),Bachelor of Arts in Architectural Studies,建築學文學士,/en/programme/hku/JS6004
JS6016,HKU,UGC-funded,BSc(Surv),Bachelor of Science in Surveying,理學士(測量學),/en/programme/hku/JS6016
JS6028,HKU,UGC-funded,BA(LS),Bachelor of Arts in Landscape Studies,園境學文學士,/en/programme/hku/JS6028
JS6042,HKU,UGC-funded,BA(US),Bachelor of Arts in Urban Studies,文學士(城市研究),/en/programme/hku/JS6042
JS6054,HKU,UGC-funded,BA,Bachelor of Arts,文學士,/en/programme/hku/JS6054
JS6066,HKU,UGC-funded,BA&BEd(LangEd)-Eng,Bachelor of Arts and Bachelor of Education in Language Education - English,文學士及教育學士(語文教育) - 英文教育,/en/programme/hku/JS6066
JS6078,HKU,UGC-funded,BA&LLB,Bachelor of Arts and Bachelor of Laws,文學士及法學士,/en/programme/hku/JS6078
JS6080,HKU,UGC-funded,BA&BEd(LangEd)-Chin,Bachelor of Arts and Bachelor of Education in Language Education - Chinese,文學士及教育學士(語文教育) - 中文教育,/en/programme/hku/JS6080
JS6092,HKU,UGC-funded,BEd(ECE&SE),Bachelor of Education in Early Childhood Education and Special Education,教育學士(幼兒教育及特殊教育),/en/programme/hku/JS6092
JS6107,HKU,UGC-funded,BDS,Bachelor of Dental Surgery,牙醫學士,/en/programme/hku/JS6107
JS6119,HKU,UGC-funded,BEd&BSc,Bachelor of Education and Bachelor of Science,教育學士及理學士,/en/programme/hku/JS6119
JS6157,HKU,UGC-funded,BSc(SLP),Bachelor of Science in Speech-Language Pathology,理學士(言語及語言病理學),/en/programme/hku/JS6157
JS6200,HKU,UGC-funded,CDS(Delta+),Computing and Data Science (Delta+),計算與數據科學(港滬科技菁英),/en/programme/hku/JS6200
JS6224,HKU,UGC-funded,BASc(AppliedAI),Bachelor of Arts and Sciences in Applied Artificial Intelligence,文理學士(應用人工智能),/en/programme/hku/JS6224
JS6236,HKU,UGC-funded,BASc(Design+),Bachelor of Arts and Sciences in Design+,文理學士(設計＋),/en/programme/hku/JS6236
JS6248,HKU,UGC-funded,BASc(FinTech),Bachelor of Arts and Sciences in Financial Technology,文理學士(金融科技),/en/programme/hku/JS6248
JS6250,HKU,UGC-funded,BASc(GHD),Bachelor of Arts and Sciences in Global Health and Development,文理學士(環球衞生及發展),/en/programme/hku/JS6250
JS6274,HKU,UGC-funded,BA(GCIN),Bachelor of Arts in Global Creative Industries,文學士（全球創意產業）,/en/programme/hku/JS6274
JS6286,HKU,UGC-funded,BA(HDT),Bachelor of Arts in Humanities and Digital Technologies,文學士(人文及數碼科技),/en/programme/hku/JS6286
JS6298,HKU,UGC-funded,BA&BEng(AI&DataSc),Bachelor of Arts and Bachelor of Engineering in Artificial Intelligence and Data Science,文學士及工學學士(人工智能及數據科學),/en/programme/hku/JS6298
JS6303,HKU,UGC-funded,BEng(Elite),Bachelor of Engineering Elite Programme,工學學士精英課程,/en/programme/hku/JS6303
JS6315,HKU,UGC-funded,BEng(DASE),Bachelor of Engineering in Data and Systems Engineering,工學學士(數據與系統工程),/en/programme/hku/JS6315
JS6339,HKU,UGC-funded,BEng(ME),Bachelor of Engineering in Mechanical Engineering,工學學士(機械工程),/en/programme/hku/JS6339
JS6353,HKU,UGC-funded,BEng(CivE),Bachelor of Engineering in Civil Engineering,工學學士(土木工程),/en/programme/hku/JS6353
JS6377,HKU,UGC-funded,BEng X + MScEng AIE,Bachelor of Engineering and Master of Science in Engineering in Artificial Intelligence in Engineering,工學學士與人工智能理學碩士聯合課程,/en/programme/hku/JS6377
JS6406,HKU,UGC-funded,LLB,Bachelor of Laws,法學士,/en/programme/hku/JS6406
JS6418,HKU,UGC-funded,BNurs-ALT,Bachelor of Nursing Advanced Leadership Track,護理學學士菁英領袖培育專修組別,/en/programme/hku/JS6418
JS6456,HKU,UGC-funded,MBBS,Bachelor of Medicine and Bachelor of Surgery,內外全科醫學士,/en/programme/hku/JS6456
JS6468,HKU,UGC-funded,BNurs,Bachelor of Nursing,護理學學士,/en/programme/hku/JS6468
JS6482,HKU,UGC-funded,BChinMed,Bachelor of Chinese Medicine,中醫全科學士,/en/programme/hku/JS6482
JS6494,HKU,UGC-funded,BPharm,Bachelor of Pharmacy,藥劑學學士,/en/programme/hku/JS6494
JS6602,HKU,UGC-funded,BSc(I&T),Bachelor of Science in Innovation and Technology,理學士(創新與科技),/en/programme/hku/JS6602
JS6626,HKU,UGC-funded,MBBS(DMS),Bachelor of Medicine and Bachelor of Surgery (Distinguished MedScholar),內外全科醫學士 - 傑出醫科學人,/en/programme/hku/JS6626
JS6688,HKU,UGC-funded,SMC,Science Master Class,科研專才啟導課程,/en/programme/hku/JS6688
JS6705,HKU,UGC-funded,BPsych,Bachelor of Psychology,心理學學士,/en/programme/hku/JS6705
JS6717,HKU,UGC-funded,BSocSc,Bachelor of Social Sciences,社會科學學士,/en/programme/hku/JS6717
JS6729,HKU,UGC-funded,BSc(ActuarSc),Bachelor of Science in Actuarial Science,理學士(精算學),/en/programme/hku/JS6729
JS6731,HKU,UGC-funded,BSW,Bachelor of Social Work,社會工作學學士,/en/programme/hku/JS6731
JS6755,HKU,UGC-funded,BBA,Bachelor of Business Administration,工商管理學學士,/en/programme/hku/JS6755
JS6767,HKU,UGC-funded,BEcon/BEcon&Fin,Bachelor of Economics / Bachelor of Economics and Finance,經濟學學士 / 經濟金融學學士,/en/programme/hku/JS6767
JS6779,HKU,UGC-funded,SDS,Statistical Decision Sciences,統計決策科學,/en/programme/hku/JS6779
JS6781,HKU,UGC-funded,BBA(Acc&Fin)/BBA(ADA),Bachelor of Business Administration in Accounting and Finance / Bachelor of Business Administration in Accounting Data Analytics,工商管理學學士(會計及財務) / 工商管理學學士(會計數據分析),/en/programme/hku/JS6781
JS6793,HKU,UGC-funded,BBA(BA),Bachelor of Business Administration (Business Analytics),工商管理學學士(商業分析),/en/programme/hku/JS6793
JS6808,HKU,UGC-funded,BBA(Law)&LLB,Bachelor of Business Administration (Law) and Bachelor of Laws,工商管理學學士(法學)及法學士,/en/programme/hku/JS6808
JS6810,HKU,UGC-funded,BSocSc(Govt&Laws)&LLB,Bachelor of Social Sciences (Government and Laws) and Bachelor of Laws,社會科學學士(政治學與法學)及法學士,/en/programme/hku/JS6810
JS6822,HKU,UGC-funded,BJMAI,"Bachelor of Journalism, Media and Artificial Intelligence",新聞媒體及人工智能學士,/en/programme/hku/JS6822
JS6846,HKU,UGC-funded,BSc(MAT),Bachelor of Science in Marketing Analytics and Technology,理學士(營銷分析及科技),/en/programme/hku/JS6846
JS6858,HKU,UGC-funded,BSc&LLB,Bachelor of Science and Bachelor of Laws,理學士及法學士,/en/programme/hku/JS6858
JS6860,HKU,UGC-funded,BFin(AMPB),Bachelor of Finance in Asset Management and Private Banking,金融學學士(資產管理及私人銀行),/en/programme/hku/JS6860
JS6884,HKU,UGC-funded,BSc(QFin),Bachelor of Science in Quantitative Finance,理學士(計量金融),/en/programme/hku/JS6884
JS6896,HKU,UGC-funded,BBA(IBGM),Bachelor of Business Administration in International Business and Global Management,工商管理學學士(國際商業及環球管理),/en/programme/hku/JS6896
JS6901,HKU,UGC-funded,BSc,Bachelor of Science,理學士,/en/programme/hku/JS6901
JS6925,HKU,UGC-funded,BEng(BME),Bachelor of Engineering in Biomedical Engineering,工學學士(生物醫學工程),/en/programme/hku/JS6925
JS6937,HKU,UGC-funded,GEBP,Global Engineering and Business Programme,環球工程與商業課程,/en/programme/hku/JS6937
JS6949,HKU,UGC-funded,BBiomedSc,Bachelor of Biomedical Sciences,生物醫學學士,/en/programme/hku/JS6949
JS6987,HKU,UGC-funded,BEng(CE/EE/ElecE),Bachelor of Engineering in Computer Engineering / Electrical Engineering / Electronic Engineering,工學學士(計算機工程/電機工程/電子工程),/en/programme/hku/JS6987
JS6999,HKU,UGC-funded,CDS,Computing and Data Science,計算與數據科學,/en/programme/hku/JS6999
JS9009,HKMU,Self-financing,BSSc(Hons),Bachelor of Social Sciences with Honours,社會科學榮譽學士,/en/programme/hkmu/JS9009
JS9010,HKMU,Self-financing,BSSc(Hons)Psychology,Bachelor of Social Sciences with Honours in Psychology,心理學榮譽社會科學學士,/en/programme/hkmu/JS9010
JS9011,HKMU,Self-financing,BA(Hons)Chinese,Bachelor of Arts with Honours in Chinese,中文榮譽文學士,/en/programme/hkmu/JS9011
JS9013,HKMU,Self-financing,BA(Hons)LangStud & Tran,Bachelor of Arts with Honours in Language Studies and Translation,語言研究與翻譯榮譽文學士,/en/programme/hkmu/JS9013
JS9016,HKMU,Self-financing,BA(Hons)CreAd&MediaDesig,Bachelor of Arts with Honours in Creative Advertising and Media Design,創意廣告及媒體設計榮譽文學士,/en/programme/hkmu/JS9016
JS9019,HKMU,Self-financing,BA(Hons)EngLang&Cult,Bachelor of Arts with Honours in English Language and Culture,英語及文化榮譽文學士,/en/programme/hkmu/JS9019
JS9220,HKMU,Self-financing,BBA(Hons)Pro Acct,Bachelor of Business Administration with Honours in Professional Accounting,專業會計榮譽工商管理學士,/en/programme/hkmu/JS9220
JS9230,HKMU,Self-financing,BBA(Hons)Business Mgt,Bachelor of Business Administration with Honours in Business Management,商業管理學榮譽工商管理學士,/en/programme/hkmu/JS9230
JS9240,HKMU,Self-financing,BBA(Hons)Glbl Bus,Bachelor of Business Administration with Honours in Global Business,環球商業榮譽工商管理學士,/en/programme/hkmu/JS9240
JS9262,HKMU,Self-financing,BBA(Hons)HRM,Bachelor of Business Administration with Honours in Human Resource Management,人力資源管理學榮譽工商管理學士,/en/programme/hkmu/JS9262
JS9266,HKMU,Self-financing,BBA(Hons)Mkt,Bachelor of Business Administration with Honours in Marketing,市場學榮譽工商管理學士,/en/programme/hkmu/JS9266
JS9276,HKMU,Self-financing,BBA(Hons)RealEst&Surv,Bachelor of Business Administration with Honours in Real Estate and Surveying,房地產及測量學榮譽工商管理學士,/en/programme/hkmu/JS9276
JS9280,HKMU,Self-financing,BAPH & BBMH,"Bachelor of Applied Psychology with Honours, Bachelor of Business Management with Honours",應用心理學榮譽學士，商業管理榮譽學士,/en/programme/hkmu/JS9280
JS9291,HKMU,Self-financing,BBA(Hons)SusTour&HosMgt,Bachelor of Business Administration with Honours in Sustainable Tourism and Hospitality Management,持續旅遊及款待管理榮譽工商管理學士,/en/programme/hkmu/JS9291
JS9294,HKMU,Self-financing,BBA(Hons)eSports Mgt,Bachelor of Business Administration with Honours in Sports and eSports Management,運動及電競運動管理榮譽工商管理學士,/en/programme/hkmu/JS9294
JS9520,HKMU,Self-financing,BEd&BLang(Hons)Putonghua,Bachelor of Education with Honours (Putonghua and Chinese Language Education) and Bachelor of Language Studies with Honours (Chinese Linguistic Studies),教育榮譽學士（普通話及中文教育）及語言研究榮譽學士（漢語語言學研究）,/en/programme/hkmu/JS9520
JS9530,HKMU,Self-financing,BEd(Hons)&BEngLang(Hons),Bachelor of Education with Honours in English Language Teaching and Bachelor of English Language Studies with Honours,英語教學榮譽教育學士及英語研究榮譽學士,/en/programme/hkmu/JS9530
JS9540,HKMU,Self-financing,BEng Lang (Hons),Bachelor of English Language Studies with Honours,英語研究榮譽學士,/en/programme/hkmu/JS9540
JS9550,HKMU,Self-financing,BLang(Hons)Applied Chin,Bachelor of Language Studies with Honours (Applied Chinese Language Studies),語言研究榮譽學士（應用中國語言）,/en/programme/hkmu/JS9550
JS9560,HKMU,Self-financing,BEd(Hons)&BLang(Hons)Chi,Bachelor of Education with Honours (Chinese Language Teaching) and Bachelor of Language Studies with Honours (Applied Chinese Language Studies),教育榮譽學士（中國語文教學）及語言研究榮譽學士（應用中國語言）,/en/programme/hkmu/JS9560
JS9580,HKMU,Self-financing,BEd(Hons)ECE-Leader&SEN,Bachelor of Education with Honours in Early Childhood Education (Leadership and Special Educational Needs),教育榮譽學士（幼兒教育：領導及特殊教育需要）,/en/programme/hkmu/JS9580
JS9719,HKMU,Self-financing,BSc(Hons)Cyber&ComSecy,Bachelor of Science with Honours in Cyber and Computer Security,網路及電腦安全榮譽理學士,/en/programme/hkmu/JS9719
JS9720,HKMU,Self-financing,BEng(Hons)Elec & CompEng,Bachelor of Engineering with Honours in Electronic and Computer Engineering,電子及電腦工程學榮譽工學士,/en/programme/hkmu/JS9720
JS9731,HKMU,Self-financing,BSc(Hons)EnvSci&GreenMgt,Bachelor of Science with Honours in Environmental Science and Green Management,環境科學與綠色管理榮譽理學士,/en/programme/hkmu/JS9731
JS9732,HKMU,Self-financing,BSc(Hons)BioMed&BioTech,Bachelor of Science with Honours in Biomedical Sciences and Biotechnology,生物醫學與生物科技榮譽理學士,/en/programme/hkmu/JS9732
JS9733,HKMU,Self-financing,BSc(Hons)Science(STEAM),Bachelor of Science with Honours in Science (STEAM),科學（ＳＴＥＡＭ）榮譽理學士,/en/programme/hkmu/JS9733
JS9775,HKMU,Self-financing,BASc(Hons)Robo&AutoEng,Bachelor of Applied Science with Honours in Robotics and Automation Engineering,機器人和自動化工程榮譽應用理學士,/en/programme/hkmu/JS9775
JS9776,HKMU,Self-financing,BSc(Hons)BE&Mgt,Bachelor of Science with Honours in Building Engineering and Management,建造工程與管理榮譽理學士,/en/programme/hkmu/JS9776
JSSA01,SSSDP,SSSDP,BN (Hons),Offered by SFU: Bachelor of Nursing (Honours),由聖方濟各大學開辦：護理學（榮譽）學士,/en/programme/sssdp/JSSA01
JSSA02,SSSDP,SSSDP,BSDET (Hons),Offered by SFU: Bachelor of Science (Honours) in Digital Entertainment Technology,由聖方濟各大學開辦：數碼娛樂科技（榮譽）理學士,/en/programme/sssdp/JSSA02
JSSA03,SSSDP,SSSDP,BSPT (Hons),Offered by SFU: Bachelor of Science (Honours) in Physiotherapy,由聖方濟各大學開辦：物理治療學（榮譽）理學士,/en/programme/sssdp/JSSA03
JSSA04,SSSDP,SSSDP,BSAI (Hons),Offered by SFU: Bachelor of Science (Honours) in Artificial Intelligence,由聖方濟各大學開辦：人工智能（榮譽）理學士,/en/programme/sssdp/JSSA04
JSSA05,SSSDP,SSSDP,BATT (Hons),Offered by SFU: Bachelor of Arts (Honours) in Translation Technology,由聖方濟各大學開辦：翻譯科技（榮譽）文學士,/en/programme/sssdp/JSSA05
JSSA06,SSSDP,SSSDP,BBA-AHTM (Hons),Offered by SFU: Bachelor of Business Administration (Honours) in Applied Hotel and Tourism Management,由聖方濟各大學開辦：工商管理（榮譽）酒店及旅遊管理應用學士,/en/programme/sssdp/JSSA06
JSSC02,SSSDP,SSSDP,B.Sc (Hons) in Arch,Offered by HKCHC: Bachelor of Science (Honours) in Architecture,由香港珠海學院開辦：建築學（榮譽）理學士,/en/programme/sssdp/JSSC02
JSSH01,SSSDP,SSSDP,BBA-SCM,Offered by HSUHK: Bachelor of Business Administration (Honours) in Supply Chain Management,由香港恒生大學開辦：供應鏈管理工商管理（榮譽）學士,/en/programme/sssdp/JSSH01
JSSH02,SSSDP,SSSDP,BSc-AIN,Offered by HSUHK: Bachelor of Science (Honours) in Actuarial Studies and Insurance,由香港恒生大學開辦：精算及保險 （榮譽）理學士,/en/programme/sssdp/JSSH02
JSSH03,SSSDP,SSSDP,BSc-AC,Offered by HSUHK: Bachelor of Science (Honours) in Applied Computing,由香港恒生大學開辦：計算機應用（榮譽）理學士,/en/programme/sssdp/JSSH03
JSSH04,SSSDP,SSSDP,BSc-DSBI,Offered by HSUHK: Bachelor of Science (Honours) in Data Science and Business Intelligence,由香港恒生大學開辦：數據科學及商業智能學（榮譽）理學士,/en/programme/sssdp/JSSH04
JSSH05,SSSDP,SSSDP,BSc-BAIM,Offered by HSUHK: Bachelor of Science (Honours) in Business Analytics and Information Management,由香港恒生大學開辦：商業分析與資訊管理（榮譽）理學士,/en/programme/sssdp/JSSH05
JSSH06,SSSDP,SSSDP,BA-AD,Offered by HSUHK: Bachelor of Arts (Honours) in Art and Design,由香港恒生大學開辦：藝術設計（榮譽）文學士,/en/programme/sssdp/JSSH06
JSST01,SSSDP,SSSDP,BHSc(N),Offered by TWC: Bachelor of Health Science (Honours) in Nursing,由東華學院開辦：護理學（榮譽）健康科學學士,/en/programme/sssdp/JSST01
JSST02,SSSDP,SSSDP,BSc(MLSc),Offered by TWC: Bachelor of Science (Honours) in Medical Laboratory Science,由東華學院開辦：醫療化驗科學（榮譽）理學士,/en/programme/sssdp/JSST02
JSST03,SSSDP,SSSDP,BSc(RT),Offered by TWC: Bachelor of Science (Honours) in Radiation Therapy,由東華學院開辦：放射治療學（榮譽）理學士,/en/programme/sssdp/JSST03
JSST04,SSSDP,SSSDP,BSc(OT),Offered by TWC: Bachelor of Science (Honours) in Occupational Therapy,由東華學院開辦：職業治療學（榮譽）理學士,/en/programme/sssdp/JSST04
JSST05,SSSDP,SSSDP,BSc(PT),Offered by TWC: Bachelor of Science (Honours) in Physiotherapy,由東華學院開辦：物理治療學（榮譽）理學士,/en/programme/sssdp/JSST05
JSST06,SSSDP,SSSDP,BSc(AG),Offered by TWC: Bachelor of Science (Honours) in Applied Gerontology,由東華學院開辦：應用老年學（榮譽）理學士,/en/programme/sssdp/JSST06
JSST07,SSSDP,SSSDP,BHISM,Offered by TWC: Bachelor of Health Information and Services Management (Honours),由東華學院開辦：醫療資訊及服務管理（榮譽）學士,/en/programme/sssdp/JSST07
JSST08,SSSDP,SSSDP,BSc(MI),Offered by TWC: Bachelor of Science (Honours) in Medical Imaging,由東華學院開辦：醫療影像學（榮譽）理學士,/en/programme/sssdp/JSST08
JSSU12,SSSDP,SSSDP,BA(Hons)CreaWri&FilmArts,Offered by HKMU: Bachelor of Arts with Honours in Creative Writing and Film Arts,由香港都會大學開辦：創意寫作與電影藝術榮譽文學士,/en/programme/sssdp/JSSU12
JSSU14,SSSDP,SSSDP,BFA(Hons)AnimatVisEff,Offered by HKMU: Bachelor of Fine Arts with Honours in Animation and Visual Effects,由香港都會大學開辦：動畫及視覺特效榮譽藝術學士,/en/programme/sssdp/JSSU14
JSSU15,SSSDP,SSSDP,BFA(Hons)IDDA,Offered by HKMU: Bachelor of Fine Arts with Honours in Imaging Design and Digital Art,由香港都會大學開辦：影像設計及數碼藝術榮譽藝術學士,/en/programme/sssdp/JSSU15
JSSU18,SSSDP,SSSDP,BA(Hons)NewMusic&Enter,Offered by HKMU: Bachelor of Arts with Honours in New Music and Interactive Entertainment,由香港都會大學開辦：新音樂及互動娛樂榮譽文學士,/en/programme/sssdp/JSSU18
JSSU40,SSSDP,SSSDP,BNursing(Hons)General,Offered by HKMU: Bachelor of Nursing with Honours in General Health Care,由香港都會大學開辦：護理學榮譽學士（普通科）,/en/programme/sssdp/JSSU40
JSSU50,SSSDP,SSSDP,BNursing(Hons)Mental,Offered by HKMU: Bachelor of Nursing with Honours in Mental Health Care,由香港都會大學開辦：護理學榮譽學士（精神科）,/en/programme/sssdp/JSSU50
JSSU55,SSSDP,SSSDP,BSc(Hons)Physiotherapy,Offered by HKMU: Bachelor of Science with Honours in Physiotherapy,由香港都會大學開辦：物理治療學榮譽理學士,/en/programme/sssdp/JSSU55
JSSU61,SSSDP,SSSDP,BASc(Hons)IntTestInsCert,"Offered by HKMU: Bachelor of Applied Science with Honours in Integrated Testing, Inspection and Certification",由香港都會大學開辦：綜合檢測和認證榮譽應用理學士,/en/programme/sssdp/JSSU61
JSSU66,SSSDP,SSSDP,BSc(Hons) Diag Rad,Offered by HKMU: Bachelor of Science with Honours in Diagnostic Radiography,由香港都會大學開辦：放射診斷學榮譽理學士,/en/programme/sssdp/JSSU66
JSSU67,SSSDP,SSSDP,BSc(Hons)MedLabSci,Offered by HKMU: Bachelor of Science with Honours in Medical Laboratory Science,由香港都會大學開辦：醫療化驗科學榮譽理學士,/en/programme/sssdp/JSSU67
JSSU69,SSSDP,SSSDP,BSc(Hons)FoodTestSci,Offered by HKMU: Bachelor of Science with Honours in Food Testing Science,由香港都會大學開辦：食品測試科學榮譽理學士,/en/programme/sssdp/JSSU69
JSSU70,SSSDP,SSSDP,BSc (Hons) Data Sci & AI,Offered by HKMU: Bachelor of Science with Honours in Data Science and Artificial Intelligence,由香港都會大學開辦：數據科學及人工智能榮譽理學士,/en/programme/sssdp/JSSU70
JSSU72,SSSDP,SSSDP,BSc (Hons)CompSci,Offered by HKMU: Bachelor of Science with Honours in Computer Science,由香港都會大學開辦：電腦科學榮譽理學士,/en/programme/sssdp/JSSU72
JSSU77,SSSDP,SSSDP,BSc(Hons)CMQSurveying,Offered by HKMU: Bachelor of Science with Honours in Construction Management and Quantity Surveying,由香港都會大學開辦：建築管理及工料測量學榮譽理學士,/en/programme/sssdp/JSSU77
JSSU78,SSSDP,SSSDP,BEng(Hons)BSE&SustainDev,Offered by HKMU: Bachelor of Engineering with Honours in Building Services Engineering and Sustainable Development,由香港都會大學開辦：屋宇設備工程及可持續發展榮譽工學士,/en/programme/sssdp/JSSU78
JSSU79,SSSDP,SSSDP,BEng(Hons)Civil Eng,Offered by HKMU: Bachelor of Engineering with Honours in Civil Engineering,由香港都會大學開辦：土木工程榮譽工學士,/en/programme/sssdp/JSSU79
JSSU90,SSSDP,SSSDP,BBA(Hons)Hos&AttractMgt,Offered by HKMU: Bachelor of Business Administration with Honours in International Hospitality and Attractions Management,由香港都會大學開辦：國際款待及景區管理榮譽工商管理學士,/en/programme/sssdp/JSSU90
JSSU93,SSSDP,SSSDP,BBA(Hons)AviServMgt,Offered by HKMU: Bachelor of Business Administration with Honours in Aviation Services Management,由香港都會大學開辦：航空服務管理榮譽工商管理學士,/en/programme/sssdp/JSSU93
JSSU95,SSSDP,SSSDP,BBA(Hons)Sports&RecMgt,Offered by HKMU: Bachelor of Business Administration with Honours in Sports and Recreation Management,由香港都會大學開辦：運動及康樂管理榮譽工商管理學士,/en/programme/sssdp/JSSU95
JSSU96,SSSDP,SSSDP,BBA(Hons)Fin&FinTech,Offered by HKMU: Bachelor of Business Administration with Honours in Finance and Financial Technology,由香港都會大學開辦：財務及金融科技榮譽工商管理學士,/en/programme/sssdp/JSSU96
JSSU97,SSSDP,SSSDP,BBA(Hons)GM & SCM,Offered by HKMU: Bachelor of Business Administration with Honours in Global Marketing and Supply Chain Management,由香港都會大學開辦：環球市場及供應鏈管理榮譽工商管理學士,/en/programme/sssdp/JSSU97
JSSV01,SSSDP,SSSDP,BA(FD),Offered by VTC-THEi: Bachelor of Arts (Honours) in Fashion Design,由高科院開辦：時裝設計（榮譽）文學士,/en/programme/sssdp/JSSV01
JSSV02,SSSDP,SSSDP,BA(PD),Offered by VTC-THEi: Bachelor of Arts (Honours) in Product Design,由高科院開辦：產品設計（榮譽）文學士,/en/programme/sssdp/JSSV02
JSSV03,SSSDP,SSSDP,BA(LA),Offered by VTC-THEi: Bachelor of Arts (Honours) in Landscape Architecture,由高科院開辦：園境建築（榮譽）文學士,/en/programme/sssdp/JSSV03
JSSV04,SSSDP,SSSDP,BA(CAM),Offered by VTC-THEi: Bachelor of Arts (Honours) in Culinary Arts and Management,由高科院開辦：廚藝及管理（榮譽）文學士,/en/programme/sssdp/JSSV04
JSSV05,SSSDP,SSSDP,BEng(CE),Offered by VTC-THEi: Bachelor of Engineering (Honours) in Civil Engineering,由高科院開辦：土木工程（榮譽）工學士,/en/programme/sssdp/JSSV05
JSSV07,SSSDP,SSSDP,BSc(HALM),"Offered by VTC-THEi: Bachelor of Science (Honours) in Horticulture, Arboriculture and Landscape Management",由高科院開辦：園藝樹藝及園境管理（榮譽）理學士,/en/programme/sssdp/JSSV07
JSSV08,SSSDP,SSSDP,BSc(SUR),Offered by VTC-THEi: Bachelor of Science (Honours) in Surveying,由高科院開辦：測量學（榮譽）理學士,/en/programme/sssdp/JSSV08
JSSV09,SSSDP,SSSDP,BSocSc(SRM),Offered by VTC-THEi: Bachelor of Social Sciences (Honours) in Sports and Recreation Management,由高科院開辦：運動及康樂管理（榮譽）社會科學學士,/en/programme/sssdp/JSSV09
JSSV10,SSSDP,SSSDP,BEng(BSE),Offered by VTC-THEi: Bachelor of Engineering (Honours) in Building Services Engineering,由高科院開辦：屋宇設備工程（榮譽）工學士,/en/programme/sssdp/JSSV10
JSSV13,SSSDP,SSSDP,BSocSc(SC),Offered by VTC-THEi: Bachelor of Social Sciences (Honours) in Sports Coaching,由高科院開辦：運動教練(榮譽)社會科學學士,/en/programme/sssdp/JSSV13
JSSV14,SSSDP,SSSDP,BSocSc(ST),Offered by VTC-THEi: Bachelor of Social Sciences (Honours) in Sports Therapy,由高科院開辦：運動治療(榮譽)社會科學學士,/en/programme/sssdp/JSSV14
JSSW01,SSSDP,SSSDP,BAvOM,Offered by UOWCHK: Bachelor of Aviation (Honours) in Operations and Management,由香港伍倫貢學院開辦：營運及管理（榮譽）航空學士,/en/programme/sssdp/JSSW01
JSSW02,SSSDP,SSSDP,BMSOM,Offered by UOWCHK: Bachelor of Maritime Services and Operations Management (Honours),由香港伍倫貢學院開辦：航運服務及營運管理學士（榮譽）,/en/programme/sssdp/JSSW02
JSSY01,SSSDP,SSSDP,BCom (Hons) FinTech,Offered by HKSYU: Bachelor of Commerce (Honours) in Financial Technology,由香港樹仁大學開辦： 金融科技（榮譽）商學士,/en/programme/sssdp/JSSY01
JSSY02,SSSDP,SSSDP,BSc (Hons) ADS,Offered by HKSYU: Bachelor of Science with Honours in Applied Data Science,由香港樹仁大學開辦：應用數據科學（榮譽）理學士,/en/programme/sssdp/JSSY02
